text,true_emotion,predicted_emotion
Sorry guys I have absolutely no idea what time i'll be on cam tomorrow but will keep you posted. ,anger,sadness
The rage has died down.,anger,anger
For the first time in my madden career I just set up a farm account. Should make MOTM much easier,anger,joy
Ok scrubbed hands 5 times before trying to put them in.\nEyeballs #burning \n#EvenMoreBlind accidentally scared the #cat whilst #screeching,anger,fear
"@CozanGaming that's what lisa asked before she started raging at me, 'can I call you?' heh",anger,anger
@pbhushan1 @IndianExpress so in your opinion is this the worst delhi govt? #acrid #bitter #hypocrisy,anger,anger
"@MaddenFreestyle i turn the game on wanting to play madden, and before i load up a game i just turn it off now.",anger,sadness
Sting is just too damn earnest for early morning listening. ,anger,sadness
@TrussElise Obama must be fuming.. lol,anger,anger
Eat my ass' is no longer an insult,anger,anger
"@DxfyingGrxvity - frustration, looking up at Elphaba in a frown of aggravation. Her high pitched voice was growing more and more --",anger,anger
@ArcticFantasy I would have almost took offense to this if I actually snapped you,anger,anger
@pbhushan1 @IndianExpress so in your opinion is this the worst delhi govt? #acrid  #hypocrisy,anger,anger
Might just leave and aggravate bae,anger,anger
"Just watched Django Unchained, Other people may frown, but I titter in delight! 2/5",anger,joy
My eyes have been dilated. I hate the world right now with the rage of a thousand fiery dragons. I need a drink.,anger,anger
Hate when guys cant control their anger 🙃🙃,anger,anger
Sorry guys I have absolutely no idea what time i'll be on cam tomorrow but will keep you posted. #fuming,anger,anger
It's the most magical time of the year......Xmas party announced and the #outrage commences. Gotta love Silicon Valley millennials.,anger,anger
S/O to the girl that just hit my car...not only did she get lucky w/ no scratch but also from being spared the wrath of sleep deprived Kait🙃,anger,anger
"If i start growing out my mustache now, I can be Pablo Escobar for Halloween!!!",fear,joy
There goes the butterflies in my stomach. #nervous #anxietyproblems,fear,fear
Not the best horror ever but I like that the uncertainty,fear,fear
T5ylw ansh a79l shy 7lw mn wayed nas fe whatsapp,fear,joy
Losing to Villa...'@M0tivati0nQuote: Most of the things people worry about are things that won't even matter to them a few months from now.',fear,sadness
"@JeffersonLake speaking of ex cobblers, saw Ricky Holmes at Charlton last week.. tracking back &amp; defending... I dread seeing Gorre on ball..",fear,sadness
So about 18mths ago i signed up to @Lumo_Energy for their @VirginAustralia / Velocity FF deal. 18 months in still no FF points ,fear,sadness
And I cried in front of my guy last night. And it's just been a horrible week but it's only for a week,fear,sadness
If my concerns &amp; anxiety don't matter to you then I shall return the favor. #EyeMatter,fear,fear
"#twitter #users Tweeting on twitter is like playing a game against the computer. Where's the life, Everyone too #afraid to say something?",fear,fear
Having a terrific Tuesday? Crush it today with the Power of 4. Treat your internet like Pizza =D \n#PowerOf4,fear,joy
Okay. Brace yourself. I will attempt my first loaf of bread in the morning. I will use a dutch oven. I will make the dough now. #nervous,fear,fear
"@soozclifford Sure have... Sydney are too tough, too quick and their 'team' pressure is too much for the Cats to handle. Motlop/Cowan ",fear,sadness
My Modern Proverb: 'Don't let anyone intimidate you about being single; most marriages end in divorce.',fear,joy
"Really.....#Jumanji 2....w/ The Rock, Jack Black, and Kevin Hart...are you kidding me! WTF! #ThisIsATerribleIdea ",fear,anger
"@soozclifford Sure have... Sydney are too tough, too quick and their 'team' pressure is too much for the Cats to handle. Motlop/Cowan #timid",fear,sadness
"Really.....#Jumanji 2....w/ The Rock, Jack Black, and Kevin Hart...are you kidding me! WTF! #ThisIsATerribleIdea #horrible",fear,anger
@1johndes ball watching &amp; Rojo'd header was equally dreadful!!,fear,anger
I have been seeing terrible terrible prescriptions this week. What's going on?,fear,sadness
The Apocalypse has hit our gym and it's  nothing what I thought it would be...\n\nEveryone is wearing vests! What if it's contagious? #afraid,fear,fear
Nawaz Sharif is getting more funnier than @kapilsharmak9 day by day. #laughter #challenge #kashmir #baloch,joy,joy
"If any trump supporters and Hillary haters wanna chirp some weak minded, pandering liberals just tweet at @EmmyA2 @snickerfritz04",joy,anger
@Bridget_Jones was joyous. Worried I would be disappointed. Most definitely was not. #chickflick #giggles #comethefuckonbridget,joy,joy
@Bluebelle89 @lsmith855 liking the optimism,joy,joy
The smell of freshly cut grass didn't even cheer me up...boy oh boy,joy,sadness
A hearty Jonza! to all my friends and follower.,joy,joy
@NateBLoL no it was that clear American naturally flavored sparkling water,joy,joy
"@PhilGlutting Hey There Phil Glutting thank you for following us, it's appreciated :) ",joy,joy
@bruins_514 @gorddownie @thehipdotcom It would be #TragicallyHip if they can #help @TOYSFORASMILE make #hospitalized  #sick #kids #smile 😊✌❤,joy,joy
"@airtelindia have some issues with my broadband bill ,I am charged for the month before I signed up with airtel.. ",joy,anger
"This tweet is dedicated to my back pain, which I do not understand because I am youthful and spry. Full of life. Vivacious.",joy,joy
Metal keeps you young and spry and keeps your hair luxurious.\n\nYES\n\nSHUT UP AND LISTEN TO ME,joy,anger
"@PhilGlutting Hey There Phil Glutting thank you for following us, it's appreciated :) #smile",joy,joy
Sioux Valley wins home competitive #cheer invite with a score of 158. ...Dell Rapids second at 138,joy,joy
I love my family so much #lucky #grateful #smartassfamily #hilarious #love,joy,joy
It feels good to get outside for a minute and get some fresh air.  It's hard to stay cooped up inside all day ,joy,joy
"@Casper10666 I assure you there is no laughter, but increasing anger at the costs, and arrogance of Westminster.",joy,anger
@chencouture LMAO Is it that 'so slutty' hater girl? That video was hilarious. 😂,joy,joy
i was so embarrassed when she saw us i was like knvfkkjg she thinks we're stalkers n then she starts waving all cheerfully inviting us in 😩,joy,fear
Chris would take full responsibility and would want us all to rejoice in the memories we all had with him.,joy,joy
Buddha doesn't possess enough power to deliver you from your affliction!,sadness,anger
All I want to do is watch some netflix but I am stuck here in class. #depressing,sadness,sadness
Chalk dance notation entree manchester inasmuch as corinthian products that discourage drag branding: ARwuEVfqv,sadness,sadness
I feel like an appendix. I don't have a purpose.  #depressed  #alone #lonely #broken  #cry #hurt #crying #life,sadness,sadness
amateur author Twitter might be the most depressing thing I've ever seen,sadness,sadness
aaahhhh! a little @OtisRedding to soothe the soul. #music ,sadness,joy
@AnjiDunlap droop in leggings? Are they wearing XXXL?,sadness,anger
If you #invest in my new #film I will stop asking you to invest in my new film. #concessions #crime #despair #shortsightedness #celebrities,sadness,sadness
@kayleighmcenany  @DonaldJTrumpJr Is that really all you can offer for those who sacrifice daily to keep you safe...? @kayleighmcenany ,sadness,anger
Might go on @RadioX tomorrow to hopefully win a new car. My current one stinks of gone off milk. #grim,sadness,sadness
Remembering those day when u still did'nt know kpop n thinking about how sad your life was without it - Kpop fan,sadness,sadness
My life went from happy to unhappy..,sadness,sadness
Rooney is 5 yards off the pace in a League Cup game against Northampton Town. Let that sink in for a moment. #MUFC,sadness,anger
"@DxfyingGrxvity - frustration, looking up at Elphaba in a frown of aggravation. Her high pitched voice was growing more and more --",sadness,anger
yesterday i finished watching penny dreadful and from all the beautiful things i saw one question remains: were the writers HIM's fans?,sadness,joy
It's basically a dead skin peel which sounds grim. But it literally gets rid of so much dead skin from your pores.,sadness,sadness
you are on an endless journey of figuring yourself out; don't be discouraged when you don't know who you are yet.,sadness,sadness
"@Virgin_TrainsEC I feel for the conductor tonight, he's obviously taken grief over the last few weeks, he sounds weary of apologising!",sadness,sadness
@1johndes ball watching &amp; Rojo'd header was equally dreadful!!,sadness,anger
“Dyslexia is the affliction of a frozen genius.”― Stephen Richards,sadness,sadness
